{"graph": {"[784, 30, 10]": {"1": [4932.5652900000005, 4761.706450999999], "2": [9816.911016000002], "3": [14782.453368000002], "4": [19719.060629000003], "5": [24690.026675000005], "6": [29642.835431000007], "7": [34513.26553800001], "8": [39444.628166], "9": [44413.384659, 42643.516459000006]}}, "matrix": {"[784, 30, 10]": {"1": [7.585915000000001, 7.424385999999686], "2": [15.045452000000001], "3": [22.515481], "4": [30.011431], "5": [37.490243], "6": [44.94406], "7": [52.405687], "8": [59.871109], "9": [67.350652, 81.723251]}}}