{"graph": {"[784, 30, 10]": {"0": [4932.5652900000005], "1": [9816.911016000002], "2": [14782.453368000002], "3": [19719.060629000003], "4": [24690.026675000005], "5": [29642.835431000007], "6": [34513.26553800001], "7": [39444.628166], "8": [44413.384659], "1": [4761.706450999999], "9": [42643.516459000006]}}, "matrix": {"[784, 30, 10]": {"0": [7.585915000000001], "1": [15.045452000000001], "2": [22.515481], "3": [30.011431], "4": [37.490243], "5": [44.94406], "6": [52.405687], "7": [59.871109], "8": [67.350652], "1": [7.424385999999686], "9": [81.723251]}}}