{"graph": {"[784, 30, 10]": {"1": [4761.706450999999], "9": [42643.516459000006]}}, "matrix": {"[784, 30, 10]": {"1": [7.424385999999686], "9": [81.723251]}}}